{"version":1,"samplesPerPixel":160,"length":30002,"durationS":600.04,"mean":40.77574828344777,"p95":105,"max":127,"activeRatio":0.08026131591227252,"activeSeconds":48.160000000000004,"threshold":100,"score":21}